{
	"info": {
		"_postman_id": "cb8c48c0-27ad-4519-adf9-845ee9a731e3",
		"name": "Movies",
		"schema": "https://schema.getpostman.com/json/collection/v2.1.0/collection.json",
		"_exporter_id": "28695692"
	},
	"item": [
		{
			"name": "http://localhost:8080/movies",
			"request": {
				"method": "POST",
				"header": [
					{
						"key": "Content-Type",
						"value": "application/json",
						"type": "text"
					}
				],
				"body": {
					"mode": "raw",
					"raw": "{\r\n    \"title\" : \"Gadar\",\r\n    \"genre\" : \"Action\",\r\n    \"duration\" : 200\r\n}"
				},
				"url": {
					"raw": "http://localhost:8080/movies",
					"protocol": "http",
					"host": [
						"localhost"
					],
					"port": "8080",
					"path": [
						"movies"
					]
				}
			},
			"response": []
		},
		{
			"name": "http://localhost:8080/movies/1",
			"request": {
				"method": "GET",
				"header": [],
				"url": {
					"raw": "http://localhost:8080/movies/4",
					"protocol": "http",
					"host": [
						"localhost"
					],
					"port": "8080",
					"path": [
						"movies",
						"4"
					]
				}
			},
			"response": []
		},
		{
			"name": "http://localhost:8080/movies/byTitle/Pathan",
			"request": {
				"method": "GET",
				"header": [],
				"url": {
					"raw": "http://localhost:8080/movies/byTitle/Pathan",
					"protocol": "http",
					"host": [
						"localhost"
					],
					"port": "8080",
					"path": [
						"movies",
						"byTitle",
						"Pathan"
					]
				}
			},
			"response": []
		},
		{
			"name": "http://localhost:8080/movies/3",
			"request": {
				"method": "PUT",
				"header": [
					{
						"key": "Content-Type",
						"value": "application/json",
						"type": "text"
					}
				],
				"body": {
					"mode": "raw",
					"raw": "{\r\n    \"title\" : \"Jawan\",\r\n    \"genre\" : \"Action\",\r\n    \"duration\" : 200\r\n}"
				},
				"url": {
					"raw": "http://localhost:8080/movies/4",
					"protocol": "http",
					"host": [
						"localhost"
					],
					"port": "8080",
					"path": [
						"movies",
						"4"
					]
				}
			},
			"response": []
		},
		{
			"name": "http://localhost:8080/movies/4",
			"request": {
				"method": "DELETE",
				"header": [],
				"url": {
					"raw": "http://localhost:8080/movies/4",
					"protocol": "http",
					"host": [
						"localhost"
					],
					"port": "8080",
					"path": [
						"movies",
						"4"
					]
				}
			},
			"response": []
		}
	]
}