{
	"info": {
		"_postman_id": "79775681-7e27-46da-be06-502102eddb13",
		"name": "Shows",
		"schema": "https://schema.getpostman.com/json/collection/v2.1.0/collection.json",
		"_exporter_id": "28695692"
	},
	"item": [
		{
			"name": "http://localhost:8080/shows/",
			"request": {
				"method": "POST",
				"header": [
					{
						"key": "Content-Type",
						"value": "application/json",
						"type": "text"
					}
				],
				"body": {
					"mode": "raw",
					"raw": "{\r\n    \"dateTime\": \"2023-09-20T19:00:00\",\r\n    \"theatre\" : {\r\n        \"theatre_id\" : 1\r\n    }, \r\n    \"movie\" : {\r\n        \"movie_id\" : 1\r\n    }\r\n}\r\n"
				},
				"url": {
					"raw": "http://localhost:8080/shows/",
					"protocol": "http",
					"host": [
						"localhost"
					],
					"port": "8080",
					"path": [
						"shows",
						""
					]
				}
			},
			"response": []
		},
		{
			"name": "http://localhost:8080/shows/1",
			"request": {
				"method": "PUT",
				"header": [
					{
						"key": "Content-Type",
						"value": "application/json",
						"type": "text"
					}
				],
				"body": {
					"mode": "raw",
					"raw": "{\r\n    \"title\": \"Jawan\",\r\n    \"date\": \"2023-09-24\"\r\n}\r\n"
				},
				"url": {
					"raw": "http://localhost:8080/shows/1",
					"protocol": "http",
					"host": [
						"localhost"
					],
					"port": "8080",
					"path": [
						"shows",
						"1"
					]
				}
			},
			"response": []
		},
		{
			"name": "http://localhost:8080/shows/1",
			"request": {
				"method": "DELETE",
				"header": [],
				"url": {
					"raw": "http://localhost:8080/shows/1",
					"protocol": "http",
					"host": [
						"localhost"
					],
					"port": "8080",
					"path": [
						"shows",
						"1"
					]
				}
			},
			"response": []
		},
		{
			"name": "http://localhost:8080/shows/2023-09-23",
			"request": {
				"method": "GET",
				"header": [],
				"url": {
					"raw": "http://localhost:8080/shows/2023-09-20T19:00:00",
					"protocol": "http",
					"host": [
						"localhost"
					],
					"port": "8080",
					"path": [
						"shows",
						"2023-09-20T19:00:00"
					]
				}
			},
			"response": []
		},
		{
			"name": "http://localhost:8080/shows/",
			"request": {
				"method": "GET",
				"header": [],
				"url": {
					"raw": "http://localhost:8080/shows",
					"protocol": "http",
					"host": [
						"localhost"
					],
					"port": "8080",
					"path": [
						"shows"
					]
				}
			},
			"response": []
		}
	]
}