{
	"info": {
		"_postman_id": "ee1e5a45-608f-4b86-977f-0153888491e7",
		"name": "Theatre",
		"schema": "https://schema.getpostman.com/json/collection/v2.1.0/collection.json",
		"_exporter_id": "28695692"
	},
	"item": [
		{
			"name": "http://localhost:8080/theatres",
			"request": {
				"method": "POST",
				"header": [
					{
						"key": "Content-Type",
						"value": "application/json",
						"type": "text"
					}
				],
				"body": {
					"mode": "raw",
					"raw": "{\r\n    \"name\": \"Miraj\",\r\n    \"town\": \"Gurgaon\"\r\n}\r\n"
				},
				"url": {
					"raw": "http://localhost:8080/theatres",
					"protocol": "http",
					"host": [
						"localhost"
					],
					"port": "8080",
					"path": [
						"theatres"
					],
					"query": [
						{
							"key": "",
							"value": null,
							"disabled": true
						}
					]
				}
			},
			"response": []
		},
		{
			"name": "http://localhost:8080/theatres/1",
			"request": {
				"method": "PUT",
				"header": [
					{
						"key": "Content-Type",
						"value": "application/json",
						"type": "text"
					}
				],
				"body": {
					"mode": "raw",
					"raw": "{\r\n    \"name\": \"PVR Metro\",\r\n    \"location\": \"Gurgaon\"\r\n}\r\n"
				},
				"url": {
					"raw": "http://localhost:8080/theatres/1",
					"protocol": "http",
					"host": [
						"localhost"
					],
					"port": "8080",
					"path": [
						"theatres",
						"1"
					]
				}
			},
			"response": []
		},
		{
			"name": "http://localhost:8080/theatres/1",
			"request": {
				"method": "DELETE",
				"header": [],
				"url": {
					"raw": "http://localhost:8080/theatres/1",
					"protocol": "http",
					"host": [
						"localhost"
					],
					"port": "8080",
					"path": [
						"theatres",
						"1"
					]
				}
			},
			"response": []
		},
		{
			"name": "http://localhost:8080/theatres",
			"request": {
				"method": "GET",
				"header": [],
				"url": {
					"raw": "http://localhost:8080/theatres",
					"protocol": "http",
					"host": [
						"localhost"
					],
					"port": "8080",
					"path": [
						"theatres"
					]
				}
			},
			"response": []
		},
		{
			"name": "http://localhost:8080/theatres/1",
			"request": {
				"method": "GET",
				"header": [],
				"url": {
					"raw": "http://localhost:8080/theatres/2",
					"protocol": "http",
					"host": [
						"localhost"
					],
					"port": "8080",
					"path": [
						"theatres",
						"2"
					]
				}
			},
			"response": []
		},
		{
			"name": "http://localhost:8080/theatres/byTown/gurgaon",
			"request": {
				"method": "GET",
				"header": [],
				"url": {
					"raw": "http://localhost:8080/theatres/byTown/gurgaon",
					"protocol": "http",
					"host": [
						"localhost"
					],
					"port": "8080",
					"path": [
						"theatres",
						"byTown",
						"gurgaon"
					]
				}
			},
			"response": []
		},
		{
			"name": "http://localhost:8080/theatres/shows?movieTitle=Gadar&dateTime=2023-09-20T19:00:00",
			"request": {
				"method": "GET",
				"header": [],
				"url": {
					"raw": "http://localhost:8080/theatres/shows?movieTitle=Gadar&town=Gurgaon&dateTime=2023-09-20T19:00:00",
					"protocol": "http",
					"host": [
						"localhost"
					],
					"port": "8080",
					"path": [
						"theatres",
						"shows"
					],
					"query": [
						{
							"key": "movieTitle",
							"value": "Gadar"
						},
						{
							"key": "town",
							"value": "Gurgaon"
						},
						{
							"key": "dateTime",
							"value": "2023-09-20T19:00:00"
						}
					]
				}
			},
			"response": []
		}
	]
}